labelOfSourceNode,nameOfSourceNode,relation,labelOfTargetNode,nameOfTargetNode
skill,Javascript MEAN FullStack,requires,concept,NodeJS
skill,Javascript MEAN FullStack,requires,concept,ExpressJS
skill,Javascript MEAN FullStack,requires,concept,MongoDB
skill,Javascript MEAN FullStack,requires,concept,AngularJS
concept,File System in NodeJS,subConceptOf,concept,NodeJS
concept,HTTP Server using NodeJS,subConceptOf,concept,NodeJS
concept,package.json in NodeJS,subConceptOf,concept,NodeJS
concept,Two Way Binding in AngularJS,subConceptOf,concept,AngularJS
concept,API end points using ExpressJS,subConceptOf,concept,ExpressJS
concept,Collections in MongoDB,subConceptOf,concept,MongoDB
concept,Middlewares in ExpressJS,subConceptOf,concept,ExpressJS
concept,Relating MongoDB to SQL,subConceptOf,concept,MongoDB
content,File System - NodeJS,explains,concept,File System in NodeJS
content,Setup Server in 3 Minutes,explains,concept,HTTP Server using NodeJS
content,The package.json in NodeJS,explains,concept,package.json in NodeJS
content,Two Way DataBinding in AngularJS,explains,concept,Two Way Binding in AngularJS
content,Builiding API using Express and NodeJS,explains,concept,API end points using ExpressJS
content,Creating collection in MongoDB,explains,concept,Collections in MongoDB
content,Middlware Explained,explains,concept,Middlewares in ExpressJS
content,Transitioning SQL to MongoDB,explains,concept,Relating MongoDB to SQL